[{"model": "admin.logentry", "pk": 7, "fields": {"action_time": "2024-05-16T08:54:37.779Z", "user": 4, "content_type": 6, "object_id": "2", "object_repr": "shushma@gmail.com -2", "action_flag": 3, "change_message": ""}}, {"model": "admin.logentry", "pk": 8, "fields": {"action_time": "2024-05-16T08:59:38.019Z", "user": 4, "content_type": 6, "object_id": "9", "object_repr": "aashutosh@gmail.com -9", "action_flag": 2, "change_message": "[{\"changed\": {\"fields\": [\"Pic\"]}}]"}}, {"model": "admin.logentry", "pk": 9, "fields": {"action_time": "2024-05-16T08:59:51.555Z", "user": 4, "content_type": 6, "object_id": "8", "object_repr": "dipen@gmail.com -8", "action_flag": 2, "change_message": "[{\"changed\": {\"fields\": [\"Pic\"]}}]"}}, {"model": "admin.logentry", "pk": 10, "fields": {"action_time": "2024-05-16T09:00:14.472Z", "user": 4, "content_type": 6, "object_id": "7", "object_repr": "shushma@gmail.com -7", "action_flag": 2, "change_message": "[{\"changed\": {\"fields\": [\"Pic\"]}}]"}}, {"model": "admin.logentry", "pk": 11, "fields": {"action_time": "2024-05-16T09:00:22.340Z", "user": 4, "content_type": 6, "object_id": "6", "object_repr": "chhaya@gmail.com -6", "action_flag": 2, "change_message": "[{\"changed\": {\"fields\": [\"Pic\"]}}]"}}, {"model": "admin.logentry", "pk": 12, "fields": {"action_time": "2024-05-16T09:00:44.678Z", "user": 4, "content_type": 6, "object_id": "8", "object_repr": "dipen@gmail.com -8", "action_flag": 2, "change_message": "[{\"changed\": {\"fields\": [\"Pic\"]}}]"}}, {"model": "admin.logentry", "pk": 13, "fields": {"action_time": "2024-05-16T09:01:11.170Z", "user": 4, "content_type": 6, "object_id": "5", "object_repr": "nisha@gmail.com -5", "action_flag": 2, "change_message": "[{\"changed\": {\"fields\": [\"Pic\"]}}]"}}, {"model": "admin.logentry", "pk": 14, "fields": {"action_time": "2024-05-16T09:03:51.167Z", "user": 4, "content_type": 9, "object_id": "1", "object_repr": "electric", "action_flag": 1, "change_message": "[{\"added\": {}}]"}}, {"model": "admin.logentry", "pk": 15, "fields": {"action_time": "2024-05-16T09:04:16.326Z", "user": 4, "content_type": 10, "object_id": "1", "object_repr": "#Exchange ,I would like to exchange this 32 pendri--1", "action_flag": 1, "change_message": "[{\"added\": {}}, {\"added\": {\"name\": \"image\", \"object\": \"Image object (1)\"}}]"}}, {"model": "admin.logentry", "pk": 16, "fields": {"action_time": "2024-05-16T09:05:49.566Z", "user": 4, "content_type": 9, "object_id": "2", "object_repr": "cloth", "action_flag": 1, "change_message": "[{\"added\": {}}]"}}, {"model": "admin.logentry", "pk": 17, "fields": {"action_time": "2024-05-16T09:05:53.343Z", "user": 4, "content_type": 10, "object_id": "2", "object_repr": "Giveaway,Would anyone like to have these shirt. Th--2", "action_flag": 1, "change_message": "[{\"added\": {}}]"}}, {"model": "admin.logentry", "pk": 18, "fields": {"action_time": "2024-05-16T09:06:50.690Z", "user": 4, "content_type": 9, "object_id": "3", "object_repr": "bike_helmet", "action_flag": 1, "change_message": "[{\"added\": {}}]"}}, {"model": "admin.logentry", "pk": 19, "fields": {"action_time": "2024-05-16T09:07:33.085Z", "user": 4, "content_type": 10, "object_id": "3", "object_repr": "#Exchange, I would like to exchange hthis helmet w--3", "action_flag": 1, "change_message": "[{\"added\": {}}]"}}, {"model": "admin.logentry", "pk": 20, "fields": {"action_time": "2024-05-16T09:08:15.847Z", "user": 4, "content_type": 9, "object_id": "4", "object_repr": "stove", "action_flag": 1, "change_message": "[{\"added\": {}}]"}}, {"model": "admin.logentry", "pk": 21, "fields": {"action_time": "2024-05-16T09:08:43.030Z", "user": 4, "content_type": 10, "object_id": "4", "object_repr": "I want to giveaway this electric stove to any stud--4", "action_flag": 1, "change_message": "[{\"added\": {}}, {\"added\": {\"name\": \"image\", \"object\": \"Image object (2)\"}}]"}}, {"model": "admin.logentry", "pk": 22, "fields": {"action_time": "2024-05-16T09:09:07.324Z", "user": 4, "content_type": 9, "object_id": "5", "object_repr": "pen drive", "action_flag": 1, "change_message": "[{\"added\": {}}]"}}, {"model": "admin.logentry", "pk": 23, "fields": {"action_time": "2024-05-16T09:09:36.919Z", "user": 4, "content_type": 10, "object_id": "5", "object_repr": "I want to give away this pendrive--5", "action_flag": 1, "change_message": "[{\"added\": {}}]"}}, {"model": "admin.logentry", "pk": 24, "fields": {"action_time": "2024-05-16T09:09:52.557Z", "user": 4, "content_type": 10, "object_id": "5", "object_repr": "I want to give away this pendrive--5", "action_flag": 2, "change_message": "[{\"added\": {\"name\": \"image\", \"object\": \"Image object (3)\"}}]"}}, {"model": "admin.logentry", "pk": 25, "fields": {"action_time": "2024-05-16T09:10:58.983Z", "user": 4, "content_type": 10, "object_id": "6", "object_repr": "I want to exchange this wifi adapter with indoor  --6", "action_flag": 1, "change_message": "[{\"added\": {}}, {\"added\": {\"name\": \"image\", \"object\": \"Image object (4)\"}}]"}}, {"model": "admin.logentry", "pk": 26, "fields": {"action_time": "2024-05-16T09:11:37.769Z", "user": 4, "content_type": 9, "object_id": "6", "object_repr": "clock", "action_flag": 1, "change_message": "[{\"added\": {}}]"}}, {"model": "admin.logentry", "pk": 27, "fields": {"action_time": "2024-05-16T09:12:51.189Z", "user": 4, "content_type": 10, "object_id": "7", "object_repr": "Alarm clock giveaway--7", "action_flag": 1, "change_message": "[{\"added\": {}}, {\"added\": {\"name\": \"image\", \"object\": \"Image object (5)\"}}]"}}, {"model": "admin.logentry", "pk": 28, "fields": {"action_time": "2024-05-16T09:14:24.241Z", "user": 4, "content_type": 9, "object_id": "7", "object_repr": "bycycle", "action_flag": 1, "change_message": "[{\"added\": {}}]"}}, {"model": "admin.logentry", "pk": 29, "fields": {"action_time": "2024-05-16T09:14:49.113Z", "user": 4, "content_type": 10, "object_id": "8", "object_repr": "I want to exchange this bycycle with anything usef--8", "action_flag": 1, "change_message": "[{\"added\": {}}, {\"added\": {\"name\": \"image\", \"object\": \"Image object (6)\"}}]"}}, {"model": "admin.logentry", "pk": 30, "fields": {"action_time": "2024-05-16T09:15:35.083Z", "user": 4, "content_type": 9, "object_id": "8", "object_repr": "headphone", "action_flag": 1, "change_message": "[{\"added\": {}}]"}}, {"model": "admin.logentry", "pk": 31, "fields": {"action_time": "2024-05-16T09:16:23.060Z", "user": 4, "content_type": 10, "object_id": "9", "object_repr": "Bluetooth headphone giveaway--9", "action_flag": 1, "change_message": "[{\"added\": {}}, {\"added\": {\"name\": \"image\", \"object\": \"Image object (7)\"}}]"}}, {"model": "admin.logentry", "pk": 32, "fields": {"action_time": "2024-05-16T09:16:51.802Z", "user": 4, "content_type": 9, "object_id": "9", "object_repr": "toy", "action_flag": 1, "change_message": "[{\"added\": {}}]"}}, {"model": "admin.logentry", "pk": 33, "fields": {"action_time": "2024-05-16T09:17:10.093Z", "user": 4, "content_type": 10, "object_id": "10", "object_repr": "Kid bike giveaway--10", "action_flag": 1, "change_message": "[{\"added\": {}}, {\"added\": {\"name\": \"image\", \"object\": \"Image object (8)\"}}]"}}, {"model": "admin.logentry", "pk": 34, "fields": {"action_time": "2024-05-16T09:28:23.784Z", "user": 4, "content_type": 9, "object_id": "10", "object_repr": "indoor_plants", "action_flag": 1, "change_message": "[{\"added\": {}}]"}}, {"model": "admin.logentry", "pk": 35, "fields": {"action_time": "2024-05-16T09:28:48.341Z", "user": 4, "content_type": 10, "object_id": "11", "object_repr": "This is to giveaway indoor plants--11", "action_flag": 1, "change_message": "[{\"added\": {}}, {\"added\": {\"name\": \"image\", \"object\": \"Image object (9)\"}}]"}}, {"model": "admin.logentry", "pk": 36, "fields": {"action_time": "2024-05-16T09:32:31.902Z", "user": 4, "content_type": 9, "object_id": "11", "object_repr": "school bag", "action_flag": 1, "change_message": "[{\"added\": {}}]"}}, {"model": "admin.logentry", "pk": 37, "fields": {"action_time": "2024-05-16T09:32:40.091Z", "user": 4, "content_type": 10, "object_id": "12", "object_repr": "Anything in exchange for school bag?--12", "action_flag": 1, "change_message": "[{\"added\": {}}, {\"added\": {\"name\": \"image\", \"object\": \"Image object (10)\"}}]"}}, {"model": "admin.logentry", "pk": 38, "fields": {"action_time": "2024-05-16T09:32:53.407Z", "user": 4, "content_type": 6, "object_id": "14", "object_repr": "samir@gmail.com -14", "action_flag": 2, "change_message": "[{\"changed\": {\"fields\": [\"Pic\"]}}]"}}, {"model": "admin.logentry", "pk": 39, "fields": {"action_time": "2024-05-16T09:33:04.700Z", "user": 4, "content_type": 6, "object_id": "13", "object_repr": "shekhar@gmail.com -13", "action_flag": 2, "change_message": "[{\"changed\": {\"fields\": [\"Pic\"]}}]"}}, {"model": "admin.logentry", "pk": 40, "fields": {"action_time": "2024-05-16T09:33:14.322Z", "user": 4, "content_type": 6, "object_id": "12", "object_repr": "yogesh@gmail.com -12", "action_flag": 2, "change_message": "[{\"changed\": {\"fields\": [\"Pic\"]}}]"}}, {"model": "admin.logentry", "pk": 41, "fields": {"action_time": "2024-05-16T09:33:24.211Z", "user": 4, "content_type": 6, "object_id": "11", "object_repr": "Even@gmail.com -11", "action_flag": 2, "change_message": "[{\"changed\": {\"fields\": [\"Pic\"]}}]"}}, {"model": "admin.logentry", "pk": 42, "fields": {"action_time": "2024-05-16T09:33:33.494Z", "user": 4, "content_type": 6, "object_id": "10", "object_repr": "surendra@gmail.com -10", "action_flag": 2, "change_message": "[{\"changed\": {\"fields\": [\"Pic\"]}}]"}}, {"model": "admin.logentry", "pk": 43, "fields": {"action_time": "2024-05-16T09:35:16.813Z", "user": 4, "content_type": 9, "object_id": "12", "object_repr": "shoes", "action_flag": 1, "change_message": "[{\"added\": {}}]"}}, {"model": "admin.logentry", "pk": 44, "fields": {"action_time": "2024-05-16T09:35:53.711Z", "user": 4, "content_type": 10, "object_id": "13", "object_repr": "I want some books on in exchange of this shoes--13", "action_flag": 1, "change_message": "[{\"added\": {}}, {\"added\": {\"name\": \"image\", \"object\": \"Image object (11)\"}}]"}}, {"model": "admin.logentry", "pk": 45, "fields": {"action_time": "2024-05-16T09:38:12.635Z", "user": 4, "content_type": 6, "object_id": "15", "object_repr": "sujan@gmail.com -15", "action_flag": 2, "change_message": "[{\"changed\": {\"fields\": [\"Pic\"]}}]"}}, {"model": "admin.logentry", "pk": 46, "fields": {"action_time": "2024-05-16T09:39:08.922Z", "user": 4, "content_type": 10, "object_id": "14", "object_repr": "I want to give away this basketball shoes--14", "action_flag": 1, "change_message": "[{\"added\": {}}, {\"added\": {\"name\": \"image\", \"object\": \"Image object (12)\"}}]"}}, {"model": "admin.logentry", "pk": 47, "fields": {"action_time": "2024-05-16T09:40:21.021Z", "user": 4, "content_type": 9, "object_id": "13", "object_repr": "TV", "action_flag": 1, "change_message": "[{\"added\": {}}]"}}, {"model": "admin.logentry", "pk": 48, "fields": {"action_time": "2024-05-16T09:40:29.828Z", "user": 4, "content_type": 10, "object_id": "15", "object_repr": "Old tv model giveaway--15", "action_flag": 1, "change_message": "[{\"added\": {}}]"}}, {"model": "admin.logentry", "pk": 49, "fields": {"action_time": "2024-05-16T09:40:43.481Z", "user": 4, "content_type": 10, "object_id": "15", "object_repr": "Old tv model giveaway--15", "action_flag": 2, "change_message": "[{\"added\": {\"name\": \"image\", \"object\": \"Image object (13)\"}}]"}}, {"model": "admin.logentry", "pk": 50, "fields": {"action_time": "2024-05-16T09:41:28.628Z", "user": 4, "content_type": 9, "object_id": "14", "object_repr": "wifi router", "action_flag": 1, "change_message": "[{\"added\": {}}]"}}, {"model": "admin.logentry", "pk": 51, "fields": {"action_time": "2024-05-16T09:41:36.595Z", "user": 4, "content_type": 10, "object_id": "16", "object_repr": "I want something in exchange of thi stplink wifi r--16", "action_flag": 1, "change_message": "[{\"added\": {}}, {\"added\": {\"name\": \"image\", \"object\": \"Image object (14)\"}}]"}}, {"model": "admin.logentry", "pk": 52, "fields": {"action_time": "2024-05-16T16:48:37.190Z", "user": 4, "content_type": 6, "object_id": "4", "object_repr": "sudip@gmail.com -4", "action_flag": 2, "change_message": "[{\"changed\": {\"fields\": [\"Pic\"]}}]"}}, {"model": "admin.logentry", "pk": 53, "fields": {"action_time": "2024-05-16T18:29:27.828Z", "user": 4, "content_type": 6, "object_id": "4", "object_repr": "sudip@gmail.com -4", "action_flag": 2, "change_message": "[{\"changed\": {\"fields\": [\"Pic\"]}}]"}}, {"model": "admin.logentry", "pk": 54, "fields": {"action_time": "2024-05-16T18:29:42.472Z", "user": 4, "content_type": 6, "object_id": "4", "object_repr": "sudip@gmail.com -4", "action_flag": 2, "change_message": "[]"}}, {"model": "admin.logentry", "pk": 55, "fields": {"action_time": "2024-05-22T18:22:36.786Z", "user": 4, "content_type": 12, "object_id": "12", "object_repr": "sudip@gmail.com", "action_flag": 3, "change_message": ""}}, {"model": "admin.logentry", "pk": 56, "fields": {"action_time": "2024-05-22T18:22:36.947Z", "user": 4, "content_type": 12, "object_id": "11", "object_repr": "sudip@gmail.com", "action_flag": 3, "change_message": ""}}, {"model": "admin.logentry", "pk": 57, "fields": {"action_time": "2024-05-22T18:22:37.045Z", "user": 4, "content_type": 12, "object_id": "10", "object_repr": "sudip@gmail.com", "action_flag": 3, "change_message": ""}}, {"model": "admin.logentry", "pk": 58, "fields": {"action_time": "2024-05-22T18:22:37.144Z", "user": 4, "content_type": 12, "object_id": "9", "object_repr": "sudip@gmail.com", "action_flag": 3, "change_message": ""}}, {"model": "admin.logentry", "pk": 59, "fields": {"action_time": "2024-05-22T18:22:37.242Z", "user": 4, "content_type": 12, "object_id": "8", "object_repr": "sudip@gmail.com", "action_flag": 3, "change_message": ""}}, {"model": "admin.logentry", "pk": 60, "fields": {"action_time": "2024-05-22T18:22:37.341Z", "user": 4, "content_type": 12, "object_id": "7", "object_repr": "sudip@gmail.com", "action_flag": 3, "change_message": ""}}, {"model": "admin.logentry", "pk": 61, "fields": {"action_time": "2024-05-22T18:22:37.450Z", "user": 4, "content_type": 12, "object_id": "6", "object_repr": "sudip@gmail.com", "action_flag": 3, "change_message": ""}}, {"model": "admin.logentry", "pk": 62, "fields": {"action_time": "2024-05-22T18:22:37.549Z", "user": 4, "content_type": 12, "object_id": "5", "object_repr": "sudip@gmail.com", "action_flag": 3, "change_message": ""}}, {"model": "admin.logentry", "pk": 63, "fields": {"action_time": "2024-05-22T18:22:37.648Z", "user": 4, "content_type": 12, "object_id": "4", "object_repr": "sudip@gmail.com", "action_flag": 3, "change_message": ""}}, {"model": "admin.logentry", "pk": 64, "fields": {"action_time": "2024-05-22T18:22:37.746Z", "user": 4, "content_type": 12, "object_id": "3", "object_repr": "sudip@gmail.com", "action_flag": 3, "change_message": ""}}, {"model": "admin.logentry", "pk": 65, "fields": {"action_time": "2024-05-22T18:22:37.844Z", "user": 4, "content_type": 12, "object_id": "2", "object_repr": "sudip@gmail.com", "action_flag": 3, "change_message": ""}}, {"model": "admin.logentry", "pk": 66, "fields": {"action_time": "2024-05-22T18:22:37.943Z", "user": 4, "content_type": 12, "object_id": "1", "object_repr": "sudip@gmail.com", "action_flag": 3, "change_message": ""}}, {"model": "admin.logentry", "pk": 67, "fields": {"action_time": "2024-05-22T18:28:50.374Z", "user": 4, "content_type": 12, "object_id": "13", "object_repr": "sudip@gmail.com", "action_flag": 3, "change_message": ""}}, {"model": "admin.logentry", "pk": 68, "fields": {"action_time": "2024-05-22T18:29:32.468Z", "user": 4, "content_type": 12, "object_id": "14", "object_repr": "sudip@gmail.com", "action_flag": 3, "change_message": ""}}, {"model": "admin.logentry", "pk": 69, "fields": {"action_time": "2024-05-23T13:18:33.633Z", "user": 4, "content_type": 15, "object_id": "1", "object_repr": "hi how you doing", "action_flag": 1, "change_message": "[{\"added\": {}}]"}}, {"model": "admin.logentry", "pk": 70, "fields": {"action_time": "2024-05-23T13:18:51.991Z", "user": 4, "content_type": 15, "object_id": "2", "object_repr": "hey whats up I'm good", "action_flag": 1, "change_message": "[{\"added\": {}}]"}}, {"model": "admin.logentry", "pk": 71, "fields": {"action_time": "2024-05-23T13:19:07.026Z", "user": 4, "content_type": 15, "object_id": "3", "object_repr": "kei xiana yrr bored to death", "action_flag": 1, "change_message": "[{\"added\": {}}]"}}, {"model": "admin.logentry", "pk": 72, "fields": {"action_time": "2024-05-24T04:09:51.804Z", "user": 4, "content_type": 6, "object_id": "17", "object_repr": "sadnip@gmail.com -17", "action_flag": 3, "change_message": ""}}, {"model": "admin.logentry", "pk": 73, "fields": {"action_time": "2024-05-24T04:09:59.180Z", "user": 4, "content_type": 6, "object_id": "18", "object_repr": "saadnip@gmail.com -18", "action_flag": 3, "change_message": ""}}, {"model": "admin.logentry", "pk": 74, "fields": {"action_time": "2024-05-24T04:10:05.015Z", "user": 4, "content_type": 6, "object_id": "16", "object_repr": " -16", "action_flag": 3, "change_message": ""}}, {"model": "admin.logentry", "pk": 75, "fields": {"action_time": "2024-05-24T04:11:06.604Z", "user": 4, "content_type": 14, "object_id": "1", "object_repr": "Conversation object (1)", "action_flag": 1, "change_message": "[{\"added\": {}}]"}}, {"model": "admin.logentry", "pk": 76, "fields": {"action_time": "2024-05-24T04:11:20.151Z", "user": 4, "content_type": 15, "object_id": "1", "object_repr": "dads", "action_flag": 1, "change_message": "[{\"added\": {}}]"}}, {"model": "admin.logentry", "pk": 77, "fields": {"action_time": "2024-05-24T08:31:20.982Z", "user": 4, "content_type": 14, "object_id": "1", "object_repr": "Conversation between sudip, SHushma Khattri", "action_flag": 2, "change_message": "[{\"changed\": {\"fields\": [\"Participants\"]}}]"}}, {"model": "admin.logentry", "pk": 78, "fields": {"action_time": "2024-05-24T08:34:18.969Z", "user": 4, "content_type": 15, "object_id": "1", "object_repr": "Message from sudip@gmail.com -4 at 2024-05-24 04:11:20.150708+00:00", "action_flag": 2, "change_message": "[{\"changed\": {\"fields\": [\"Author\"]}}]"}}, {"model": "admin.logentry", "pk": 79, "fields": {"action_time": "2024-05-24T17:28:59.292Z", "user": 4, "content_type": 14, "object_id": "2", "object_repr": "Conversation between Chhaya KC, SHushma Khattri", "action_flag": 1, "change_message": "[{\"added\": {}}]"}}, {"model": "admin.logentry", "pk": 80, "fields": {"action_time": "2024-05-24T17:29:06.672Z", "user": 4, "content_type": 14, "object_id": "3", "object_repr": "Conversation between sudip, Nisha KC", "action_flag": 1, "change_message": "[{\"added\": {}}]"}}, {"model": "admin.logentry", "pk": 81, "fields": {"action_time": "2024-05-24T17:29:28.608Z", "user": 4, "content_type": 15, "object_id": "2", "object_repr": "Message from chhaya@gmail.com -6 at 2024-05-24 17:29:28.607734+00:00", "action_flag": 1, "change_message": "[{\"added\": {}}]"}}, {"model": "admin.logentry", "pk": 82, "fields": {"action_time": "2024-05-24T17:29:47.591Z", "user": 4, "content_type": 15, "object_id": "3", "object_repr": "Message from shushma@gmail.com -7 at 2024-05-24 17:29:47.591054+00:00", "action_flag": 1, "change_message": "[{\"added\": {}}]"}}, {"model": "admin.logentry", "pk": 83, "fields": {"action_time": "2024-05-24T17:30:07.040Z", "user": 4, "content_type": 15, "object_id": "4", "object_repr": "Message from sudip@gmail.com -4 at 2024-05-24 17:30:07.040132+00:00", "action_flag": 1, "change_message": "[{\"added\": {}}]"}}, {"model": "admin.logentry", "pk": 84, "fields": {"action_time": "2024-05-24T17:30:24.090Z", "user": 4, "content_type": 15, "object_id": "5", "object_repr": "Message from nisha@gmail.com -5 at 2024-05-24 17:30:24.089920+00:00", "action_flag": 1, "change_message": "[{\"added\": {}}]"}}, {"model": "admin.logentry", "pk": 85, "fields": {"action_time": "2024-05-24T18:07:32.266Z", "user": 4, "content_type": 15, "object_id": "6", "object_repr": "aru k xa tw baini kaile uane ktm tirw", "action_flag": 1, "change_message": "[{\"added\": {}}]"}}, {"model": "admin.logentry", "pk": 86, "fields": {"action_time": "2024-05-24T18:52:17.399Z", "user": 4, "content_type": 15, "object_id": "7", "object_repr": "Hello, world!", "action_flag": 3, "change_message": ""}}, {"model": "admin.logentry", "pk": 87, "fields": {"action_time": "2024-05-24T18:52:17.596Z", "user": 4, "content_type": 15, "object_id": "8", "object_repr": "Hello, world!", "action_flag": 3, "change_message": ""}}, {"model": "admin.logentry", "pk": 88, "fields": {"action_time": "2024-05-24T18:52:17.695Z", "user": 4, "content_type": 15, "object_id": "9", "object_repr": "Hello, world!", "action_flag": 3, "change_message": ""}}, {"model": "admin.logentry", "pk": 89, "fields": {"action_time": "2024-05-24T18:52:17.793Z", "user": 4, "content_type": 15, "object_id": "10", "object_repr": "Hello, world!", "action_flag": 3, "change_message": ""}}, {"model": "admin.logentry", "pk": 90, "fields": {"action_time": "2024-05-25T03:32:17.571Z", "user": 4, "content_type": 15, "object_id": "11", "object_repr": "Hello, world!", "action_flag": 3, "change_message": ""}}, {"model": "admin.logentry", "pk": 91, "fields": {"action_time": "2024-05-25T03:32:18.113Z", "user": 4, "content_type": 15, "object_id": "12", "object_repr": "Hello, world!", "action_flag": 3, "change_message": ""}}, {"model": "admin.logentry", "pk": 92, "fields": {"action_time": "2024-05-25T03:32:18.211Z", "user": 4, "content_type": 15, "object_id": "13", "object_repr": "Hello, world!", "action_flag": 3, "change_message": ""}}, {"model": "admin.logentry", "pk": 93, "fields": {"action_time": "2024-05-25T03:32:18.310Z", "user": 4, "content_type": 15, "object_id": "14", "object_repr": "Hello, world!", "action_flag": 3, "change_message": ""}}, {"model": "admin.logentry", "pk": 94, "fields": {"action_time": "2024-05-25T03:32:18.408Z", "user": 4, "content_type": 15, "object_id": "15", "object_repr": "Hello, world!", "action_flag": 3, "change_message": ""}}, {"model": "admin.logentry", "pk": 95, "fields": {"action_time": "2024-05-25T03:32:18.507Z", "user": 4, "content_type": 15, "object_id": "16", "object_repr": "Hello, world!", "action_flag": 3, "change_message": ""}}, {"model": "admin.logentry", "pk": 96, "fields": {"action_time": "2024-05-25T13:25:27.852Z", "user": 4, "content_type": 10, "object_id": "29", "object_repr": "hi--29", "action_flag": 2, "change_message": "[{\"added\": {\"name\": \"comment\", \"object\": \"yo>nisha@gmail.com\"}}]"}}, {"model": "admin.logentry", "pk": 97, "fields": {"action_time": "2024-05-25T13:36:46.841Z", "user": 4, "content_type": 10, "object_id": "29", "object_repr": "hi--29", "action_flag": 2, "change_message": "[{\"added\": {\"name\": \"comment\", \"object\": \"okay>sudip@gmail.com\"}}, {\"changed\": {\"name\": \"comment\", \"object\": \"can i get this?>nisha@gmail.com\", \"fields\": [\"Text\"]}}]"}}, {"model": "admin.logentry", "pk": 98, "fields": {"action_time": "2024-05-25T13:37:11.178Z", "user": 4, "content_type": 10, "object_id": "29", "object_repr": "hi--29", "action_flag": 2, "change_message": "[{\"added\": {\"name\": \"comment\", \"object\": \"is it still available?>chhaya@gmail.com\"}}]"}}, {"model": "admin.logentry", "pk": 99, "fields": {"action_time": "2024-05-25T14:33:38.364Z", "user": 4, "content_type": 10, "object_id": "29", "object_repr": "hi--29", "action_flag": 2, "change_message": "[{\"added\": {\"name\": \"comment\", \"object\": \"yo>chhaya@gmail.com\"}}]"}}, {"model": "admin.logentry", "pk": 100, "fields": {"action_time": "2024-05-26T07:53:41.914Z", "user": 4, "content_type": 6, "object_id": "4", "object_repr": "sudip@gmail.com -4", "action_flag": 2, "change_message": "[{\"changed\": {\"fields\": [\"Pic\"]}}]"}}, {"model": "admin.logentry", "pk": 101, "fields": {"action_time": "2024-05-26T16:06:58.834Z", "user": 4, "content_type": 6, "object_id": "8", "object_repr": "dipen@gmail.com -8", "action_flag": 2, "change_message": "[{\"changed\": {\"fields\": [\"Pic\"]}}]"}}, {"model": "admin.logentry", "pk": 102, "fields": {"action_time": "2024-06-24T13:31:42.911Z", "user": 4, "content_type": 15, "object_id": "1", "object_repr": "dads", "action_flag": 3, "change_message": ""}}, {"model": "admin.logentry", "pk": 103, "fields": {"action_time": "2024-06-24T13:31:43.357Z", "user": 4, "content_type": 15, "object_id": "2", "object_repr": "hi dd", "action_flag": 3, "change_message": ""}}, {"model": "admin.logentry", "pk": 104, "fields": {"action_time": "2024-06-24T13:31:43.455Z", "user": 4, "content_type": 15, "object_id": "3", "object_repr": "helllo baini", "action_flag": 3, "change_message": ""}}, {"model": "admin.logentry", "pk": 105, "fields": {"action_time": "2024-06-24T13:31:43.554Z", "user": 4, "content_type": 15, "object_id": "4", "object_repr": "nisha report ready xa?", "action_flag": 3, "change_message": ""}}, {"model": "admin.logentry", "pk": 106, "fields": {"action_time": "2024-06-24T13:31:43.652Z", "user": 4, "content_type": 15, "object_id": "5", "object_repr": "umm ready xa vanum", "action_flag": 3, "change_message": ""}}, {"model": "admin.logentry", "pk": 107, "fields": {"action_time": "2024-06-24T13:31:43.751Z", "user": 4, "content_type": 15, "object_id": "6", "object_repr": "aru k xa tw baini kaile uane ktm tirw", "action_flag": 3, "change_message": ""}}, {"model": "admin.logentry", "pk": 108, "fields": {"action_time": "2024-06-24T13:31:43.849Z", "user": 4, "content_type": 15, "object_id": "17", "object_repr": "Hello, world!", "action_flag": 3, "change_message": ""}}, {"model": "admin.logentry", "pk": 109, "fields": {"action_time": "2024-06-24T13:31:43.948Z", "user": 4, "content_type": 15, "object_id": "18", "object_repr": "k gardai xis", "action_flag": 3, "change_message": ""}}, {"model": "admin.logentry", "pk": 110, "fields": {"action_time": "2024-06-24T13:31:44.046Z", "user": 4, "content_type": 15, "object_id": "19", "object_repr": "k gardai xis", "action_flag": 3, "change_message": ""}}, {"model": "admin.logentry", "pk": 111, "fields": {"action_time": "2024-06-24T13:31:44.145Z", "user": 4, "content_type": 15, "object_id": "20", "object_repr": "k gardai ho", "action_flag": 3, "change_message": ""}}, {"model": "admin.logentry", "pk": 112, "fields": {"action_time": "2024-06-24T13:31:44.243Z", "user": 4, "content_type": 15, "object_id": "21", "object_repr": "k gardai ho", "action_flag": 3, "change_message": ""}}, {"model": "admin.logentry", "pk": 113, "fields": {"action_time": "2024-06-25T16:30:48.990Z", "user": 4, "content_type": 14, "object_id": "5", "object_repr": "Conversation between sudip, Sujan  5", "action_flag": 3, "change_message": ""}}, {"model": "admin.logentry", "pk": 114, "fields": {"action_time": "2024-06-25T16:30:49.096Z", "user": 4, "content_type": 14, "object_id": "4", "object_repr": "Conversation between sudip, Chhaya KC  4", "action_flag": 3, "change_message": ""}}, {"model": "admin.logentry", "pk": 115, "fields": {"action_time": "2024-06-25T16:30:49.206Z", "user": 4, "content_type": 14, "object_id": "3", "object_repr": "Conversation between sudip, Nisha KC  3", "action_flag": 3, "change_message": ""}}, {"model": "admin.logentry", "pk": 116, "fields": {"action_time": "2024-06-25T16:30:49.315Z", "user": 4, "content_type": 14, "object_id": "2", "object_repr": "Conversation between Chhaya KC, SHushma Khattri  2", "action_flag": 3, "change_message": ""}}, {"model": "admin.logentry", "pk": 117, "fields": {"action_time": "2024-06-26T04:21:42.866Z", "user": 4, "content_type": 15, "object_id": "53", "object_repr": "jpt", "action_flag": 1, "change_message": "[{\"added\": {}}]"}}, {"model": "admin.logentry", "pk": 118, "fields": {"action_time": "2024-06-26T16:54:58.395Z", "user": 4, "content_type": 14, "object_id": "7", "object_repr": "Conversation between Chhaya KC, SHushma Khattri  7", "action_flag": 1, "change_message": "[{\"added\": {}}]"}}, {"model": "auth.permission", "pk": 1, "fields": {"name": "Can add log entry", "content_type": 1, "codename": "add_logentry"}}, {"model": "auth.permission", "pk": 2, "fields": {"name": "Can change log entry", "content_type": 1, "codename": "change_logentry"}}, {"model": "auth.permission", "pk": 3, "fields": {"name": "Can delete log entry", "content_type": 1, "codename": "delete_logentry"}}, {"model": "auth.permission", "pk": 4, "fields": {"name": "Can view log entry", "content_type": 1, "codename": "view_logentry"}}, {"model": "auth.permission", "pk": 5, "fields": {"name": "Can add permission", "content_type": 2, "codename": "add_permission"}}, {"model": "auth.permission", "pk": 6, "fields": {"name": "Can change permission", "content_type": 2, "codename": "change_permission"}}, {"model": "auth.permission", "pk": 7, "fields": {"name": "Can delete permission", "content_type": 2, "codename": "delete_permission"}}, {"model": "auth.permission", "pk": 8, "fields": {"name": "Can view permission", "content_type": 2, "codename": "view_permission"}}, {"model": "auth.permission", "pk": 9, "fields": {"name": "Can add group", "content_type": 3, "codename": "add_group"}}, {"model": "auth.permission", "pk": 10, "fields": {"name": "Can change group", "content_type": 3, "codename": "change_group"}}, {"model": "auth.permission", "pk": 11, "fields": {"name": "Can delete group", "content_type": 3, "codename": "delete_group"}}, {"model": "auth.permission", "pk": 12, "fields": {"name": "Can view group", "content_type": 3, "codename": "view_group"}}, {"model": "auth.permission", "pk": 13, "fields": {"name": "Can add content type", "content_type": 4, "codename": "add_contenttype"}}, {"model": "auth.permission", "pk": 14, "fields": {"name": "Can change content type", "content_type": 4, "codename": "change_contenttype"}}, {"model": "auth.permission", "pk": 15, "fields": {"name": "Can delete content type", "content_type": 4, "codename": "delete_contenttype"}}, {"model": "auth.permission", "pk": 16, "fields": {"name": "Can view content type", "content_type": 4, "codename": "view_contenttype"}}, {"model": "auth.permission", "pk": 17, "fields": {"name": "Can add session", "content_type": 5, "codename": "add_session"}}, {"model": "auth.permission", "pk": 18, "fields": {"name": "Can change session", "content_type": 5, "codename": "change_session"}}, {"model": "auth.permission", "pk": 19, "fields": {"name": "Can delete session", "content_type": 5, "codename": "delete_session"}}, {"model": "auth.permission", "pk": 20, "fields": {"name": "Can view session", "content_type": 5, "codename": "view_session"}}, {"model": "auth.permission", "pk": 21, "fields": {"name": "Can add user", "content_type": 6, "codename": "add_user"}}, {"model": "auth.permission", "pk": 22, "fields": {"name": "Can change user", "content_type": 6, "codename": "change_user"}}, {"model": "auth.permission", "pk": 23, "fields": {"name": "Can delete user", "content_type": 6, "codename": "delete_user"}}, {"model": "auth.permission", "pk": 24, "fields": {"name": "Can view user", "content_type": 6, "codename": "view_user"}}, {"model": "auth.permission", "pk": 25, "fields": {"name": "Can add Token", "content_type": 7, "codename": "add_token"}}, {"model": "auth.permission", "pk": 26, "fields": {"name": "Can change Token", "content_type": 7, "codename": "change_token"}}, {"model": "auth.permission", "pk": 27, "fields": {"name": "Can delete Token", "content_type": 7, "codename": "delete_token"}}, {"model": "auth.permission", "pk": 28, "fields": {"name": "Can view Token", "content_type": 7, "codename": "view_token"}}, {"model": "auth.permission", "pk": 29, "fields": {"name": "Can add Token", "content_type": 8, "codename": "add_tokenproxy"}}, {"model": "auth.permission", "pk": 30, "fields": {"name": "Can change Token", "content_type": 8, "codename": "change_tokenproxy"}}, {"model": "auth.permission", "pk": 31, "fields": {"name": "Can delete Token", "content_type": 8, "codename": "delete_tokenproxy"}}, {"model": "auth.permission", "pk": 32, "fields": {"name": "Can view Token", "content_type": 8, "codename": "view_tokenproxy"}}, {"model": "auth.permission", "pk": 33, "fields": {"name": "Can add tag", "content_type": 9, "codename": "add_tag"}}, {"model": "auth.permission", "pk": 34, "fields": {"name": "Can change tag", "content_type": 9, "codename": "change_tag"}}, {"model": "auth.permission", "pk": 35, "fields": {"name": "Can delete tag", "content_type": 9, "codename": "delete_tag"}}, {"model": "auth.permission", "pk": 36, "fields": {"name": "Can view tag", "content_type": 9, "codename": "view_tag"}}, {"model": "auth.permission", "pk": 37, "fields": {"name": "Can add post", "content_type": 10, "codename": "add_post"}}, {"model": "auth.permission", "pk": 38, "fields": {"name": "Can change post", "content_type": 10, "codename": "change_post"}}, {"model": "auth.permission", "pk": 39, "fields": {"name": "Can delete post", "content_type": 10, "codename": "delete_post"}}, {"model": "auth.permission", "pk": 40, "fields": {"name": "Can view post", "content_type": 10, "codename": "view_post"}}, {"model": "auth.permission", "pk": 41, "fields": {"name": "Can add image", "content_type": 11, "codename": "add_image"}}, {"model": "auth.permission", "pk": 42, "fields": {"name": "Can change image", "content_type": 11, "codename": "change_image"}}, {"model": "auth.permission", "pk": 43, "fields": {"name": "Can delete image", "content_type": 11, "codename": "delete_image"}}, {"model": "auth.permission", "pk": 44, "fields": {"name": "Can view image", "content_type": 11, "codename": "view_image"}}, {"model": "auth.permission", "pk": 45, "fields": {"name": "Can add comment", "content_type": 12, "codename": "add_comment"}}, {"model": "auth.permission", "pk": 46, "fields": {"name": "Can change comment", "content_type": 12, "codename": "change_comment"}}, {"model": "auth.permission", "pk": 47, "fields": {"name": "Can delete comment", "content_type": 12, "codename": "delete_comment"}}, {"model": "auth.permission", "pk": 48, "fields": {"name": "Can view comment", "content_type": 12, "codename": "view_comment"}}, {"model": "auth.permission", "pk": 49, "fields": {"name": "Can add reports", "content_type": 13, "codename": "add_reports"}}, {"model": "auth.permission", "pk": 50, "fields": {"name": "Can change reports", "content_type": 13, "codename": "change_reports"}}, {"model": "auth.permission", "pk": 51, "fields": {"name": "Can delete reports", "content_type": 13, "codename": "delete_reports"}}, {"model": "auth.permission", "pk": 52, "fields": {"name": "Can view reports", "content_type": 13, "codename": "view_reports"}}, {"model": "auth.permission", "pk": 53, "fields": {"name": "Can add conversation", "content_type": 14, "codename": "add_conversation"}}, {"model": "auth.permission", "pk": 54, "fields": {"name": "Can change conversation", "content_type": 14, "codename": "change_conversation"}}, {"model": "auth.permission", "pk": 55, "fields": {"name": "Can delete conversation", "content_type": 14, "codename": "delete_conversation"}}, {"model": "auth.permission", "pk": 56, "fields": {"name": "Can view conversation", "content_type": 14, "codename": "view_conversation"}}, {"model": "auth.permission", "pk": 57, "fields": {"name": "Can add message", "content_type": 15, "codename": "add_message"}}, {"model": "auth.permission", "pk": 58, "fields": {"name": "Can change message", "content_type": 15, "codename": "change_message"}}, {"model": "auth.permission", "pk": 59, "fields": {"name": "Can delete message", "content_type": 15, "codename": "delete_message"}}, {"model": "auth.permission", "pk": 60, "fields": {"name": "Can view message", "content_type": 15, "codename": "view_message"}}, {"model": "auth.permission", "pk": 61, "fields": {"name": "Can add messages", "content_type": 15, "codename": "add_messages"}}, {"model": "auth.permission", "pk": 62, "fields": {"name": "Can change messages", "content_type": 15, "codename": "change_messages"}}, {"model": "auth.permission", "pk": 63, "fields": {"name": "Can delete messages", "content_type": 15, "codename": "delete_messages"}}, {"model": "auth.permission", "pk": 64, "fields": {"name": "Can view messages", "content_type": 15, "codename": "view_messages"}}, {"model": "auth.permission", "pk": 65, "fields": {"name": "Can add site", "content_type": 16, "codename": "add_site"}}, {"model": "auth.permission", "pk": 66, "fields": {"name": "Can change site", "content_type": 16, "codename": "change_site"}}, {"model": "auth.permission", "pk": 67, "fields": {"name": "Can delete site", "content_type": 16, "codename": "delete_site"}}, {"model": "auth.permission", "pk": 68, "fields": {"name": "Can view site", "content_type": 16, "codename": "view_site"}}, {"model": "contenttypes.contenttype", "pk": 1, "fields": {"app_label": "admin", "model": "logentry"}}, {"model": "contenttypes.contenttype", "pk": 2, "fields": {"app_label": "auth", "model": "permission"}}, {"model": "contenttypes.contenttype", "pk": 3, "fields": {"app_label": "auth", "model": "group"}}, {"model": "contenttypes.contenttype", "pk": 4, "fields": {"app_label": "contenttypes", "model": "contenttype"}}, {"model": "contenttypes.contenttype", "pk": 5, "fields": {"app_label": "sessions", "model": "session"}}, {"model": "contenttypes.contenttype", "pk": 6, "fields": {"app_label": "Account", "model": "user"}}, {"model": "contenttypes.contenttype", "pk": 7, "fields": {"app_label": "authtoken", "model": "token"}}, {"model": "contenttypes.contenttype", "pk": 8, "fields": {"app_label": "authtoken", "model": "tokenproxy"}}, {"model": "contenttypes.contenttype", "pk": 9, "fields": {"app_label": "Posts", "model": "tag"}}, {"model": "contenttypes.contenttype", "pk": 10, "fields": {"app_label": "Posts", "model": "post"}}, {"model": "contenttypes.contenttype", "pk": 11, "fields": {"app_label": "Posts", "model": "image"}}, {"model": "contenttypes.contenttype", "pk": 12, "fields": {"app_label": "Posts", "model": "comment"}}, {"model": "contenttypes.contenttype", "pk": 13, "fields": {"app_label": "Posts", "model": "reports"}}, {"model": "contenttypes.contenttype", "pk": 14, "fields": {"app_label": "Message", "model": "conversation"}}, {"model": "contenttypes.contenttype", "pk": 15, "fields": {"app_label": "Message", "model": "messages"}}, {"model": "contenttypes.contenttype", "pk": 16, "fields": {"app_label": "sites", "model": "site"}}, {"model": "sessions.session", "pk": "3vs295pi8gzskyxtng9m51wmo9gmkr33", "fields": {"session_data": ".eJxVjDEOwjAMRe-SGUWksSOHkZ0zRE5sSAGlUtNOiLtDpQ6w_vfef5nE61LT2nVOo5iTAXP43TKXh7YNyJ3bbbJlass8ZrspdqfdXibR53l3_w4q9_qtCaMnBJCBhCMH8JQFgwoq8zXnAI7QoTp1TgevBSIePQMVUYHA5v0B3NY4Cg:1s9qUU:2Qn1cDkd3YcOoCVMLf7Z4drWFzXa0EPfCebt5-VsPkA", "expire_date": "2024-06-05T18:15:06.469Z"}}, {"model": "sessions.session", "pk": "3z7otz0w1hrh68e3t2h1vgxma0d6mo4g", "fields": {"session_data": ".eJxVjDEOwjAMRe-SGUWksSOHkZ0zRE5sSAGlUtNOiLtDpQ6w_vfef5nE61LT2nVOo5iTAXP43TKXh7YNyJ3bbbJlass8ZrspdqfdXibR53l3_w4q9_qtCaMnBJCBhCMH8JQFgwoq8zXnAI7QoTp1TgevBSIePQMVUYHA5v0B3NY4Cg:1sLjli:lY_zODTyo1pV1FSt6eOhq0WczE69lbTcMLtnswfJr1A", "expire_date": "2024-07-08T13:30:02.584Z"}}, {"model": "sessions.session", "pk": "isfgb7xdsiz0cvc2sl3g8iumwqypt10d", "fields": {"session_data": ".eJxVjDEOwjAMRe-SGUWksSOHkZ0zRE5sSAGlUtNOiLtDpQ6w_vfef5nE61LT2nVOo5iTAXP43TKXh7YNyJ3bbbJlass8ZrspdqfdXibR53l3_w4q9_qtCaMnBJCBhCMH8JQFgwoq8zXnAI7QoTp1TgevBSIePQMVUYHA5v0B3NY4Cg:1s8K6Q:FicqlNzHPWzgH_cLn7Tzxlg4QeqILJal8ZxsGPNIpiE", "expire_date": "2024-06-01T13:27:58.691Z"}}, {"model": "sessions.session", "pk": "j0ct9ydr0fmxut7vbnolrfyg1wcucktx", "fields": {"session_data": ".eJxVjDEOwjAMRe-SGUWksSOHkZ0zRE5sSAGlUtNOiLtDpQ6w_vfef5nE61LT2nVOo5iTAXP43TKXh7YNyJ3bbbJlass8ZrspdqfdXibR53l3_w4q9_qtCaMnBJCBhCMH8JQFgwoq8zXnAI7QoTp1TgevBSIePQMVUYHA5v0B3NY4Cg:1sBF0U:QSCXTNWEfispk_s6FKgS0lMhM7ljqD-eyZjs7s82rn4", "expire_date": "2024-06-09T14:37:54.482Z"}}, {"model": "sessions.session", "pk": "m2muyg17qv6o30je075zd6sc0ryewfiz", "fields": {"session_data": ".eJxVjDEOwjAMRe-SGUWksSOHkZ0zRE5sSAGlUtNOiLtDpQ6w_vfef5nE61LT2nVOo5iTAXP43TKXh7YNyJ3bbbJlass8ZrspdqfdXibR53l3_w4q9_qtCaMnBJCBhCMH8JQFgwoq8zXnAI7QoTp1TgevBSIePQMVUYHA5v0B3NY4Cg:1sB8gb:mpC6zQy5z4e6Q6YRGleZCe4p_YBmnfh3junbzxWwL88", "expire_date": "2024-06-09T07:52:57.343Z"}}, {"model": "sessions.session", "pk": "u9jprqnwepafza0sun0jlqcyrvppraud", "fields": {"session_data": ".eJxVjDEOwjAMRe-SGUWksSOHkZ0zRE5sSAGlUtNOiLtDpQ6w_vfef5nE61LT2nVOo5iTAXP43TKXh7YNyJ3bbbJlass8ZrspdqfdXibR53l3_w4q9_qtCaMnBJCBhCMH8JQFgwoq8zXnAI7QoTp1TgevBSIePQMVUYHA5v0B3NY4Cg:1s7Wsb:Qg_0YS6HE0riOWPKvXpNb_gHPiDuzaEGWCly6ESjJFM", "expire_date": "2024-05-30T08:54:25.378Z"}}, {"model": "sessions.session", "pk": "y7e3yysb0d6i4k7f0zps9f1h8m8ehlms", "fields": {"session_data": ".eJxVjDEOwjAMRe-SGUWksSOHkZ0zRE5sSAGlUtNOiLtDpQ6w_vfef5nE61LT2nVOo5iTAXP43TKXh7YNyJ3bbbJlass8ZrspdqfdXibR53l3_w4q9_qtCaMnBJCBhCMH8JQFgwoq8zXnAI7QoTp1TgevBSIePQMVUYHA5v0B3NY4Cg:1sALqD:NcwZ6rovGO_2WkdjHeVyKSkMeaGg7x1-x0DNXWXI-6A", "expire_date": "2024-06-07T03:43:37.710Z"}}, {"model": "Account.user", "pk": 4, "fields": {"password": "pbkdf2_sha256$720000$DvqkQmvdXc0JbPo1fPPF6I$1ey9jSPdn2lTH/q0BNByhJfA/jDQ4F0ooQ+GGOLYoqg=", "last_login": "2024-06-24T13:30:02.404Z", "is_superuser": true, "first_name": "", "last_name": "", "is_staff": true, "is_active": true, "date_joined": "2024-05-16T08:53:03Z", "username": "sudip", "is_verified": false, "email": "sudip@gmail.com", "pic": "joro.jpg", "groups": [], "user_permissions": []}}, {"model": "Account.user", "pk": 5, "fields": {"password": "pbkdf2_sha256$720000$DDzGtfanqnrQ6vcJdgyyWL$jQS2uqZ3tyyJhoy1kURbjaVZ50cDl7JcRq39vObUFxE=", "last_login": null, "is_superuser": false, "first_name": "", "last_name": "", "is_staff": false, "is_active": true, "date_joined": "2024-05-16T08:55:17Z", "username": "Nisha KC", "is_verified": false, "email": "nisha@gmail.com", "pic": "nisha.jpg", "groups": [], "user_permissions": []}}, {"model": "Account.user", "pk": 6, "fields": {"password": "pbkdf2_sha256$720000$RFQ9MDfyrGUizO3IEy5GVX$EIBC9MagEvZSskdvGcB9+8iMmwwbcBrUo1YNx2knpGU=", "last_login": null, "is_superuser": false, "first_name": "", "last_name": "", "is_staff": false, "is_active": true, "date_joined": "2024-05-16T08:55:49Z", "username": "Chhaya KC", "is_verified": false, "email": "chhaya@gmail.com", "pic": "chhaya_nzxauFa.jpg", "groups": [], "user_permissions": []}}, {"model": "Account.user", "pk": 7, "fields": {"password": "pbkdf2_sha256$720000$ZrTLdIU5Upf1Nd23ZOjDKL$1xMDi9Is/F0nLTb0574NAQlWyPJ3p0Biai4d5skLvSA=", "last_login": null, "is_superuser": false, "first_name": "", "last_name": "", "is_staff": false, "is_active": true, "date_joined": "2024-05-16T08:56:16Z", "username": "SHushma Khattri", "is_verified": false, "email": "shushma@gmail.com", "pic": "shushma_profile.jpg", "groups": [], "user_permissions": []}}, {"model": "Account.user", "pk": 8, "fields": {"password": "pbkdf2_sha256$720000$Yg6LdqZNZMzTfU72lp0HXE$WYRilbgHkLM+bWffNEslft5xMdLf7O269szuRD6Uk9Y=", "last_login": null, "is_superuser": false, "first_name": "", "last_name": "", "is_staff": false, "is_active": true, "date_joined": "2024-05-16T08:56:45Z", "username": "Dipen Khadka", "is_verified": false, "email": "dipen@gmail.com", "pic": "download.jpeg", "groups": [], "user_permissions": []}}, {"model": "Account.user", "pk": 9, "fields": {"password": "pbkdf2_sha256$720000$lRXoKolfC3f4nQjFRSnAuH$tAMvoNX0omppu8B5N013c4lEpNunkTc3XDr98Y0kkPM=", "last_login": null, "is_superuser": false, "first_name": "", "last_name": "", "is_staff": false, "is_active": true, "date_joined": "2024-05-16T08:59:18Z", "username": "Ashutosh", "is_verified": false, "email": "aashutosh@gmail.com", "pic": "ashutosh.jpg", "groups": [], "user_permissions": []}}, {"model": "Account.user", "pk": 10, "fields": {"password": "pbkdf2_sha256$720000$W1qifArgoKtY40vDnnjriS$Guw0VXDhmhJ/OyGs9Pe1lKAWB68VNPaLupyxIKFm/UM=", "last_login": null, "is_superuser": false, "first_name": "", "last_name": "", "is_staff": false, "is_active": true, "date_joined": "2024-05-16T09:29:43Z", "username": "Surendra", "is_verified": false, "email": "surendra@gmail.com", "pic": "suendra_upretti.jpg", "groups": [], "user_permissions": []}}, {"model": "Account.user", "pk": 11, "fields": {"password": "pbkdf2_sha256$720000$6h0KTTHWbqDPQFAGUsRLYI$EGV7xwL1sB9HJtwKL1NIgxh9HDUIgnVOSyXlFIKnmZU=", "last_login": null, "is_superuser": false, "first_name": "", "last_name": "", "is_staff": false, "is_active": true, "date_joined": "2024-05-16T09:30:00Z", "username": "Even", "is_verified": false, "email": "Even@gmail.com", "pic": "even_magar.jpg", "groups": [], "user_permissions": []}}, {"model": "Account.user", "pk": 12, "fields": {"password": "pbkdf2_sha256$720000$nZxr4rBEW2eWdsvePiDRY3$NGp5PS0Hn9Nc3NBTrr1Th7FzXaiA3Pk80zpJWebi4Wo=", "last_login": null, "is_superuser": false, "first_name": "", "last_name": "", "is_staff": false, "is_active": true, "date_joined": "2024-05-16T09:30:20Z", "username": "Yogesh Shrestha", "is_verified": false, "email": "yogesh@gmail.com", "pic": "yogesh_shrestha.jpg", "groups": [], "user_permissions": []}}, {"model": "Account.user", "pk": 13, "fields": {"password": "pbkdf2_sha256$720000$BCcbUPfC9ViFZM0KOHyVmS$IzixxpseppjMkH6HB3quHmbJVC2D5btRpQyVOwg1wAE=", "last_login": null, "is_superuser": false, "first_name": "", "last_name": "", "is_staff": false, "is_active": true, "date_joined": "2024-05-16T09:30:56Z", "username": "Shekhar", "is_verified": false, "email": "shekhar@gmail.com", "pic": "shekhar_joshi.jpg", "groups": [], "user_permissions": []}}, {"model": "Account.user", "pk": 14, "fields": {"password": "pbkdf2_sha256$720000$ahvaVwKDACyLdUVCdSSGie$VopDpceEMEZVBB+WnziKcp7P1CGA41cxPhtw5BmAlMk=", "last_login": null, "is_superuser": false, "first_name": "", "last_name": "", "is_staff": false, "is_active": true, "date_joined": "2024-05-16T09:31:49Z", "username": "Samir", "is_verified": false, "email": "samir@gmail.com", "pic": "samir_chettri.jpg", "groups": [], "user_permissions": []}}, {"model": "Account.user", "pk": 15, "fields": {"password": "pbkdf2_sha256$720000$7lgPX8jNW4rXfDH6OBfBKa$figrmbh2Kg5B4hUUTsUPy/URKQHSyrszTq0uQwsQq24=", "last_login": null, "is_superuser": false, "first_name": "", "last_name": "", "is_staff": false, "is_active": true, "date_joined": "2024-05-16T09:37:44Z", "username": "Sujan", "is_verified": false, "email": "sujan@gmail.com", "pic": "sujan_chettri.jpg", "groups": [], "user_permissions": []}}, {"model": "sites.site", "pk": 1, "fields": {"domain": "example.com", "name": "example.com"}}, {"model": "authtoken.token", "pk": "17ad599a79dcd69d5a099cf4e929bd70e2a0823a", "fields": {"user": 4, "created": "2024-05-16T10:29:38.604Z"}}, {"model": "authtoken.token", "pk": "649ea14d67d3d3e03beccaf8b4fbb20759562d87", "fields": {"user": 7, "created": "2024-06-24T13:13:57.561Z"}}, {"model": "Posts.tag", "pk": 1, "fields": {"name": "electric"}}, {"model": "Posts.tag", "pk": 2, "fields": {"name": "cloth"}}, {"model": "Posts.tag", "pk": 3, "fields": {"name": "bike_helmet"}}, {"model": "Posts.tag", "pk": 4, "fields": {"name": "stove"}}, {"model": "Posts.tag", "pk": 5, "fields": {"name": "pen drive"}}, {"model": "Posts.tag", "pk": 6, "fields": {"name": "clock"}}, {"model": "Posts.tag", "pk": 7, "fields": {"name": "bycycle"}}, {"model": "Posts.tag", "pk": 8, "fields": {"name": "headphone"}}, {"model": "Posts.tag", "pk": 9, "fields": {"name": "toy"}}, {"model": "Posts.tag", "pk": 10, "fields": {"name": "indoor_plants"}}, {"model": "Posts.tag", "pk": 11, "fields": {"name": "school bag"}}, {"model": "Posts.tag", "pk": 12, "fields": {"name": "shoes"}}, {"model": "Posts.tag", "pk": 13, "fields": {"name": "TV"}}, {"model": "Posts.tag", "pk": 14, "fields": {"name": "wifi router"}}, {"model": "Posts.tag", "pk": 15, "fields": {"name": "blanket"}}, {"model": "Posts.tag", "pk": 16, "fields": {"name": "jpt"}}, {"model": "Posts.tag", "pk": 17, "fields": {"name": "tag1"}}, {"model": "Posts.tag", "pk": 18, "fields": {"name": "[object Object]"}}, {"model": "Posts.post", "pk": 1, "fields": {"content": "#Exchange ,I would like to exchange this 32 pendrive with taplink wifi adapter", "time_stamp": "2024-05-16T09:04:16.321Z", "author": 8, "share_count": 0, "flag": null, "post_type": "Exchange", "upvotes": [], "tags": [1]}}, {"model": "Posts.post", "pk": 2, "fields": {"content": "Giveaway,Would anyone like to have these shirt. This hasn't been wore before,I bought it online but it doesnt fit me.", "time_stamp": "2024-05-16T09:05:53.340Z", "author": 8, "share_count": 0, "flag": null, "post_type": "Giveaway", "upvotes": [], "tags": [2]}}, {"model": "Posts.post", "pk": 3, "fields": {"content": "#Exchange, I would like to exchange hthis helmet with soemthing .", "time_stamp": "2024-05-16T09:07:33.083Z", "author": 9, "share_count": 0, "flag": null, "post_type": "Exchange", "upvotes": [9], "tags": [3]}}, {"model": "Posts.post", "pk": 4, "fields": {"content": "I want to giveaway this electric stove to any student", "time_stamp": "2024-05-16T09:08:43.027Z", "author": 9, "share_count": 0, "flag": null, "post_type": "Giveaway", "upvotes": [], "tags": [1, 4]}}, {"model": "Posts.post", "pk": 5, "fields": {"content": "I want to give away this pendrive", "time_stamp": "2024-05-16T09:09:36.911Z", "author": 4, "share_count": 0, "flag": null, "post_type": "Giveaway", "upvotes": [4], "tags": [1, 5]}}, {"model": "Posts.post", "pk": 6, "fields": {"content": "I want to exchange this wifi adapter with indoor  plants", "time_stamp": "2024-05-16T09:10:58.974Z", "author": 4, "share_count": 0, "flag": null, "post_type": "Exchange", "upvotes": [], "tags": [5]}}, {"model": "Posts.post", "pk": 7, "fields": {"content": "Alarm clock giveaway", "time_stamp": "2024-05-16T09:12:51.184Z", "author": 7, "share_count": 0, "flag": null, "post_type": "Giveaway", "upvotes": [7], "tags": [6]}}, {"model": "Posts.post", "pk": 8, "fields": {"content": "I want to exchange this bycycle with anything useful", "time_stamp": "2024-05-16T09:14:49.110Z", "author": 4, "share_count": 0, "flag": null, "post_type": "Exchange", "upvotes": [], "tags": [7]}}, {"model": "Posts.post", "pk": 9, "fields": {"content": "Bluetooth headphone giveaway", "time_stamp": "2024-05-16T09:16:23.057Z", "author": 9, "share_count": 0, "flag": null, "post_type": "Giveaway", "upvotes": [], "tags": [8]}}, {"model": "Posts.post", "pk": 10, "fields": {"content": "Kid bike giveaway", "time_stamp": "2024-05-16T09:17:10.089Z", "author": 8, "share_count": 0, "flag": null, "post_type": "Giveaway", "upvotes": [], "tags": [9]}}, {"model": "Posts.post", "pk": 11, "fields": {"content": "This is to giveaway indoor plants", "time_stamp": "2024-05-16T09:28:48.337Z", "author": 5, "share_count": 0, "flag": null, "post_type": "Giveaway", "upvotes": [], "tags": [10]}}, {"model": "Posts.post", "pk": 12, "fields": {"content": "Anything in exchange for school bag?", "time_stamp": "2024-05-16T09:32:40.084Z", "author": 6, "share_count": 0, "flag": null, "post_type": "Exchange", "upvotes": [], "tags": [11]}}, {"model": "Posts.post", "pk": 13, "fields": {"content": "I want some books on in exchange of this shoes", "time_stamp": "2024-05-16T09:35:53.367Z", "author": 14, "share_count": 0, "flag": null, "post_type": "Exchange", "upvotes": [], "tags": [12]}}, {"model": "Posts.post", "pk": 14, "fields": {"content": "I want to give away this basketball shoes", "time_stamp": "2024-05-16T09:39:08.917Z", "author": 15, "share_count": 0, "flag": null, "post_type": "Giveaway", "upvotes": [], "tags": [12]}}, {"model": "Posts.post", "pk": 15, "fields": {"content": "Old tv model giveaway", "time_stamp": "2024-05-16T09:40:29.825Z", "author": 12, "share_count": 0, "flag": null, "post_type": "Giveaway", "upvotes": [], "tags": [1]}}, {"model": "Posts.post", "pk": 16, "fields": {"content": "I want something in exchange of thi stplink wifi router", "time_stamp": "2024-05-16T09:41:36.592Z", "author": 11, "share_count": 0, "flag": null, "post_type": "Exchange", "upvotes": [], "tags": [14]}}, {"model": "Posts.post", "pk": 17, "fields": {"content": "This is the first post created using  API endpoint", "time_stamp": "2024-05-16T16:55:49.540Z", "author": 4, "share_count": 0, "flag": null, "post_type": "Giveaway", "upvotes": [], "tags": [15]}}, {"model": "Posts.post", "pk": 18, "fields": {"content": "checking create post endpoint", "time_stamp": "2024-05-17T03:28:23.295Z", "author": 4, "share_count": 0, "flag": null, "post_type": "Giveaway", "upvotes": [], "tags": [15]}}, {"model": "Posts.post", "pk": 19, "fields": {"content": "checking create post endpoint", "time_stamp": "2024-05-17T03:29:40.975Z", "author": 4, "share_count": 0, "flag": null, "post_type": "Giveaway", "upvotes": [], "tags": []}}, {"model": "Posts.post", "pk": 20, "fields": {"content": "checking formdata", "time_stamp": "2024-05-17T04:23:51.776Z", "author": 4, "share_count": 0, "flag": null, "post_type": "Giveaway", "upvotes": [], "tags": [2]}}, {"model": "Posts.post", "pk": 21, "fields": {"content": "checking formdata", "time_stamp": "2024-05-17T04:26:47.271Z", "author": 4, "share_count": 0, "flag": null, "post_type": "Giveaway", "upvotes": [], "tags": [2, 16]}}, {"model": "Posts.post", "pk": 22, "fields": {"content": "checking formdata", "time_stamp": "2024-05-17T04:46:24.551Z", "author": 4, "share_count": 0, "flag": null, "post_type": "Giveaway", "upvotes": [], "tags": [2, 16]}}, {"model": "Posts.post", "pk": 23, "fields": {"content": "checking formdata", "time_stamp": "2024-05-17T04:46:31.565Z", "author": 4, "share_count": 0, "flag": null, "post_type": "Giveaway", "upvotes": [], "tags": [2, 16]}}, {"model": "Posts.post", "pk": 26, "fields": {"content": "checkign form data", "time_stamp": "2024-05-17T04:54:39.305Z", "author": 4, "share_count": 0, "flag": null, "post_type": "Exchange", "upvotes": [], "tags": [17]}}, {"model": "Posts.post", "pk": 27, "fields": {"content": "hi", "time_stamp": "2024-05-17T08:49:19.524Z", "author": 4, "share_count": 0, "flag": null, "post_type": "Giveaway", "upvotes": [], "tags": [18]}}, {"model": "Posts.post", "pk": 28, "fields": {"content": "hi", "time_stamp": "2024-05-17T08:52:46.904Z", "author": 4, "share_count": 0, "flag": null, "post_type": "Giveaway", "upvotes": [], "tags": [18]}}, {"model": "Posts.post", "pk": 29, "fields": {"content": "hi", "time_stamp": "2024-05-17T08:59:22.805Z", "author": 4, "share_count": 0, "flag": null, "post_type": "Giveaway", "upvotes": [], "tags": [18]}}, {"model": "Posts.image", "pk": 1, "fields": {"post": 1, "image": "images/posts/pendrive.jpg"}}, {"model": "Posts.image", "pk": 2, "fields": {"post": 4, "image": "images/posts/electric_stove.jpg"}}, {"model": "Posts.image", "pk": 3, "fields": {"post": 5, "image": "images/posts/pendrive_sJbxlGR.jpg"}}, {"model": "Posts.image", "pk": 4, "fields": {"post": 6, "image": "images/posts/wifi.jpg"}}, {"model": "Posts.image", "pk": 5, "fields": {"post": 7, "image": "images/posts/alarm_clock.jpeg"}}, {"model": "Posts.image", "pk": 6, "fields": {"post": 8, "image": "images/posts/bicycle.jpg"}}, {"model": "Posts.image", "pk": 7, "fields": {"post": 9, "image": "images/posts/bluettoth_headphone.jpg"}}, {"model": "Posts.image", "pk": 8, "fields": {"post": 10, "image": "images/posts/kid_bike.jpg"}}, {"model": "Posts.image", "pk": 9, "fields": {"post": 11, "image": "images/posts/indoor_plants.jpg"}}, {"model": "Posts.image", "pk": 10, "fields": {"post": 12, "image": "images/posts/school_bag.jpg"}}, {"model": "Posts.image", "pk": 11, "fields": {"post": 13, "image": "images/posts/coverse_shoes.jpeg"}}, {"model": "Posts.image", "pk": 12, "fields": {"post": 14, "image": "images/posts/basketball_shoes.jpg"}}, {"model": "Posts.image", "pk": 13, "fields": {"post": 15, "image": "images/posts/old_tv.jpeg"}}, {"model": "Posts.image", "pk": 14, "fields": {"post": 16, "image": "images/posts/tplik_router.jpg"}}, {"model": "Posts.image", "pk": 15, "fields": {"post": 29, "image": "images/posts/luffy.jpg"}}, {"model": "Posts.comment", "pk": 16, "fields": {"time_stamp": "2024-05-22T18:29:48.206Z", "author": 4, "text": "comment no5", "post": 5, "reply": null}}, {"model": "Posts.comment", "pk": 17, "fields": {"time_stamp": "2024-05-22T18:30:06.762Z", "author": 4, "text": "comment updated at 3rd", "post": 5, "reply": 16}}, {"model": "Posts.comment", "pk": 18, "fields": {"time_stamp": "2024-05-25T13:25:27.851Z", "author": 5, "text": "can i get this?", "post": 29, "reply": null}}, {"model": "Posts.comment", "pk": 19, "fields": {"time_stamp": "2024-05-25T13:36:46.840Z", "author": 4, "text": "okay", "post": 29, "reply": 18}}, {"model": "Posts.comment", "pk": 20, "fields": {"time_stamp": "2024-05-25T13:37:11.177Z", "author": 6, "text": "is it still available?", "post": 29, "reply": null}}, {"model": "Posts.comment", "pk": 21, "fields": {"time_stamp": "2024-05-25T14:33:38.363Z", "author": 6, "text": "yo", "post": 29, "reply": 19}}, {"model": "Posts.comment", "pk": 22, "fields": {"time_stamp": "2024-05-26T14:16:31.947Z", "author": 4, "text": "comment no5", "post": 5, "reply": null}}, {"model": "Posts.comment", "pk": 24, "fields": {"time_stamp": "2024-05-26T14:19:01.796Z", "author": 4, "text": "comment no3", "post": 5, "reply": 20}}, {"model": "Posts.comment", "pk": 28, "fields": {"time_stamp": "2024-05-26T16:04:06.650Z", "author": 4, "text": "checking", "post": 29, "reply": null}}, {"model": "Posts.comment", "pk": 29, "fields": {"time_stamp": "2024-05-26T16:04:21.721Z", "author": 4, "text": "comment no3", "post": 29, "reply": 20}}, {"model": "Message.conversation", "pk": 1, "fields": {"updated_at": "2024-05-24T08:31:20.978Z", "participants": [4, 7]}}, {"model": "Message.conversation", "pk": 6, "fields": {"updated_at": "2024-06-25T16:36:03.979Z", "participants": [5, 7]}}, {"model": "Message.conversation", "pk": 7, "fields": {"updated_at": "2024-06-26T16:54:58.383Z", "participants": [6, 7]}}, {"model": "Message.messages", "pk": 22, "fields": {"conversation": 1, "author": 7, "text": "sudip ", "time_stamp": "2024-06-24T13:33:59.879Z", "image": ""}}, {"model": "Message.messages", "pk": 23, "fields": {"conversation": 1, "author": 7, "text": "sudip ", "time_stamp": "2024-06-24T13:36:10.982Z", "image": ""}}, {"model": "Message.messages", "pk": 24, "fields": {"conversation": 1, "author": 7, "text": "message", "time_stamp": "2024-06-24T14:41:34.804Z", "image": ""}}, {"model": "Message.messages", "pk": 25, "fields": {"conversation": 1, "author": 7, "text": "message", "time_stamp": "2024-06-24T14:41:35.437Z", "image": ""}}, {"model": "Message.messages", "pk": 26, "fields": {"conversation": 1, "author": 7, "text": "message", "time_stamp": "2024-06-24T14:59:13.911Z", "image": ""}}, {"model": "Message.messages", "pk": 27, "fields": {"conversation": 1, "author": 7, "text": "message", "time_stamp": "2024-06-24T14:59:14.211Z", "image": ""}}, {"model": "Message.messages", "pk": 28, "fields": {"conversation": 1, "author": 7, "text": "checking message", "time_stamp": "2024-06-25T02:51:13.002Z", "image": ""}}, {"model": "Message.messages", "pk": 29, "fields": {"conversation": 1, "author": 7, "text": "checking message", "time_stamp": "2024-06-25T02:51:13.656Z", "image": ""}}, {"model": "Message.messages", "pk": 30, "fields": {"conversation": 1, "author": 7, "text": "checking message", "time_stamp": "2024-06-25T02:51:14.140Z", "image": ""}}, {"model": "Message.messages", "pk": 31, "fields": {"conversation": 1, "author": 7, "text": "checking message", "time_stamp": "2024-06-25T02:51:14.449Z", "image": ""}}, {"model": "Message.messages", "pk": 32, "fields": {"conversation": 1, "author": 7, "text": "checking message", "time_stamp": "2024-06-25T02:51:16.266Z", "image": ""}}, {"model": "Message.messages", "pk": 33, "fields": {"conversation": 1, "author": 7, "text": "checking message", "time_stamp": "2024-06-25T02:51:16.574Z", "image": ""}}, {"model": "Message.messages", "pk": 34, "fields": {"conversation": 1, "author": 7, "text": "checking message", "time_stamp": "2024-06-25T02:51:16.779Z", "image": ""}}, {"model": "Message.messages", "pk": 35, "fields": {"conversation": 1, "author": 7, "text": "checking message", "time_stamp": "2024-06-25T02:51:16.992Z", "image": ""}}, {"model": "Message.messages", "pk": 36, "fields": {"conversation": 1, "author": 7, "text": "checking message", "time_stamp": "2024-06-25T02:51:17.199Z", "image": ""}}, {"model": "Message.messages", "pk": 37, "fields": {"conversation": 1, "author": 7, "text": "checking message", "time_stamp": "2024-06-25T02:51:17.404Z", "image": ""}}, {"model": "Message.messages", "pk": 38, "fields": {"conversation": 1, "author": 7, "text": "checking message", "time_stamp": "2024-06-25T02:51:17.611Z", "image": ""}}, {"model": "Message.messages", "pk": 39, "fields": {"conversation": 1, "author": 7, "text": "checking message", "time_stamp": "2024-06-25T02:51:17.809Z", "image": ""}}, {"model": "Message.messages", "pk": 40, "fields": {"conversation": 1, "author": 7, "text": "checking message", "time_stamp": "2024-06-25T02:51:21.350Z", "image": ""}}, {"model": "Message.messages", "pk": 41, "fields": {"conversation": 1, "author": 7, "text": "checking message", "time_stamp": "2024-06-25T02:51:21.653Z", "image": ""}}, {"model": "Message.messages", "pk": 42, "fields": {"conversation": 1, "author": 7, "text": "checking message", "time_stamp": "2024-06-25T02:51:22.079Z", "image": ""}}, {"model": "Message.messages", "pk": 43, "fields": {"conversation": 1, "author": 7, "text": "checking message", "time_stamp": "2024-06-25T02:51:22.281Z", "image": ""}}, {"model": "Message.messages", "pk": 44, "fields": {"conversation": 1, "author": 7, "text": "checking message", "time_stamp": "2024-06-25T02:51:22.496Z", "image": ""}}, {"model": "Message.messages", "pk": 45, "fields": {"conversation": 1, "author": 7, "text": "checking message", "time_stamp": "2024-06-25T02:51:22.698Z", "image": ""}}, {"model": "Message.messages", "pk": 46, "fields": {"conversation": 1, "author": 7, "text": "checking message", "time_stamp": "2024-06-25T02:54:59.751Z", "image": ""}}, {"model": "Message.messages", "pk": 47, "fields": {"conversation": 1, "author": 7, "text": "checking message", "time_stamp": "2024-06-25T02:55:00.529Z", "image": ""}}, {"model": "Message.messages", "pk": 48, "fields": {"conversation": 1, "author": 7, "text": "checking message", "time_stamp": "2024-06-25T02:59:50.430Z", "image": ""}}, {"model": "Message.messages", "pk": 49, "fields": {"conversation": 1, "author": 7, "text": "checking message", "time_stamp": "2024-06-25T02:59:50.693Z", "image": ""}}, {"model": "Message.messages", "pk": 50, "fields": {"conversation": 1, "author": 7, "text": "checking message", "time_stamp": "2024-06-25T08:40:30.879Z", "image": ""}}, {"model": "Message.messages", "pk": 51, "fields": {"conversation": 1, "author": 7, "text": "checking message", "time_stamp": "2024-06-25T08:45:03.779Z", "image": ""}}, {"model": "Message.messages", "pk": 52, "fields": {"conversation": 6, "author": 7, "text": "checking message", "time_stamp": "2024-06-25T16:36:04.191Z", "image": ""}}, {"model": "Message.messages", "pk": 53, "fields": {"conversation": 1, "author": 4, "text": "jpt", "time_stamp": "2024-06-26T04:21:42.865Z", "image": ""}}, {"model": "Message.messages", "pk": 54, "fields": {"conversation": 1, "author": 7, "text": "yo", "time_stamp": "2024-06-26T12:05:57.728Z", "image": ""}}, {"model": "Message.messages", "pk": 55, "fields": {"conversation": 1, "author": 7, "text": "gameover", "time_stamp": "2024-06-26T12:06:40.280Z", "image": ""}}, {"model": "Message.messages", "pk": 56, "fields": {"conversation": 6, "author": 7, "text": "checking message", "time_stamp": "2024-06-27T01:27:18.991Z", "image": ""}}, {"model": "Message.messages", "pk": 57, "fields": {"conversation": 6, "author": 7, "text": "yo yo  message", "time_stamp": "2024-06-29T03:26:48.327Z", "image": ""}}, {"model": "Message.messages", "pk": 58, "fields": {"conversation": 6, "author": 7, "text": "yo yo  checking local redis message", "time_stamp": "2024-06-29T03:27:29.742Z", "image": ""}}, {"model": "Message.messages", "pk": 59, "fields": {"conversation": 6, "author": 7, "text": "yo yo  checking local redis message", "time_stamp": "2024-06-29T03:28:55.826Z", "image": ""}}, {"model": "Message.messages", "pk": 60, "fields": {"conversation": 6, "author": 7, "text": "hosted free redis seems slower redis message", "time_stamp": "2024-06-29T03:29:37.004Z", "image": ""}}, {"model": "Message.messages", "pk": 61, "fields": {"conversation": 6, "author": 7, "text": "hosted free redis seems slower redis message", "time_stamp": "2024-06-29T03:54:36.756Z", "image": ""}}, {"model": "Message.messages", "pk": 62, "fields": {"conversation": 6, "author": 7, "text": "hosted free redis seems slower redis message", "time_stamp": "2024-06-29T03:54:40.223Z", "image": ""}}, {"model": "Message.messages", "pk": 63, "fields": {"conversation": 6, "author": 7, "text": "hosted free redis seems slower redis message", "time_stamp": "2024-06-29T05:40:03.176Z", "image": ""}}, {"model": "Message.messages", "pk": 64, "fields": {"conversation": 6, "author": 7, "text": "hosted free redis seems slower redis message", "time_stamp": "2024-06-29T05:46:27.074Z", "image": ""}}, {"model": "Message.messages", "pk": 65, "fields": {"conversation": 6, "author": 7, "text": "hosted free redis seems slower redis message", "time_stamp": "2024-06-29T05:51:47.060Z", "image": ""}}, {"model": "Message.messages", "pk": 66, "fields": {"conversation": 6, "author": 7, "text": "message", "time_stamp": "2024-06-29T06:00:33.573Z", "image": ""}}, {"model": "Message.messages", "pk": 67, "fields": {"conversation": 6, "author": 7, "text": "message hahah", "time_stamp": "2024-06-29T10:08:50.422Z", "image": ""}}]